{"tsne": {"iris_38": [61.248788382376212, -27.488432623169061, 7.254343203701711], "iris_39": [18.084914819655147, 8.9102650318112619, 17.392389003864185], "iris_36": [1.1038203142846659, 17.40587963207529, 7.6377230769082232], "iris_37": [17.206826258051823, 15.215941003547927, 19.858284387628846], "iris_34": [92.19277356312999, -18.389481245560649, 7.4575316318191183], "iris_35": [14.757380150810361, 6.9082352087857837, 17.304984055858821], "iris_32": [23.377536217465746, 34.582587280329697, 18.765577012304377], "iris_33": [34.468628797016699, 7.3065160272399527, 17.305781679978097], "iris_30": [98.306975570135847, -41.816592171907452, 18.423658240140551], "iris_31": [33.767256078848462, 20.181839410909571, 34.71323076029924], "iris_118": [-17.036645111696064, 191.67858858527586, -29.106272867221712], "iris_119": [393.74769767845436, -156.38604295488045, -29.106208904013357], "iris_114": [101.63894279901521, -23.551124413778425, -29.106224913838204], "iris_115": [87.014606116137628, -13.386808082699909, -29.106029234946128], "iris_49": [18.164017592960935, 7.0770695767691256, 17.56072185897095], "iris_48": [7.3782383758009455, 17.460538333321917, 7.1813706228535992], "iris_43": [17.596515620220352, 7.1450764376354829, 17.410569119470246], "iris_42": [7.2341059239356218, 18.229465936559968, 7.2401856970231551], "iris_41": [-200.48048065420912, -63.136274790600332, 13.534521494050798], "iris_40": [85.693333192856954, 95.19612305378844, -0.39814775758049953], "iris_47": [115.48313656500653, 4.8755253190849981, 17.382167023236498], "iris_46": [6.5089810384566178, 19.32111592554244, 5.1812481032418667], "iris_45": [17.636441523907624, 7.3803227270908565, 17.37617565314407], "iris_44": [23.524928180757232, 23.54346002295825, 7.4516338903841932], "iris_138": [1118.7469769708005, -211.39209186311851, -29.106183402368188], "iris_139": [50.428022730609278, 109.27369439309551, -29.106171809516127], "iris_130": [14.814059390953341, 143.50649969996493, -29.106215962848459], "iris_131": [-2.7650883014709748, -547.1166346299126, -29.106406985395722], "iris_132": [564.98724574538244, -119.81281325142081, -29.106256758366762], "iris_133": [215.42490888517304, 67.242201462340589, -29.10615113528835], "iris_134": [282.13935130032934, -297.34912482650577, -29.106097554908018], "iris_129": [57.032332051330293, -270.04606580558334, -29.106288631241647], "iris_136": [104.2610999573123, 54.023406953060579, -29.1062936186608], "iris_137": [122.3122731990759, -164.75287319010553, -29.106201649919164], "iris_58": [-60.671790004195557, 229.74274991143687, -3.7339443272628254], "iris_59": [-1318.7612303652566, 149.56784474442654, 8.4521477198812782], "iris_128": [82.746518435344797, 10.620872895261297, -29.106436612801531], "iris_50": [35.793884107916199, -13.734541334446488, 6.9967868393690571], "iris_51": [17.494758431467964, 7.2782858748321182, 17.475731628422714], "iris_52": [54.868504002038065, 116.47189122454012, -9.9912274345486729], "iris_53": [-3450.2121198737818, 407.20638645646039, -23.89157685371411], "iris_54": [462.67291351642376, -44.294280499786638, -1.7710495674757767], "iris_55": [-334.99318923872818, -204.2478659463136, 17.348019032660808], "iris_56": [176.47271413544954, -193.61529175191248, 7.235836832458701], "iris_57": [17.600517726184904, 7.1741169034837178, 17.288450118182713], "iris_149": [-8.2413391169786721, -42.845682771148752, -29.106214466851526], "iris_148": [56.248833695738632, -120.83454296181077, -29.106158351510622], "iris_145": [27.605002895287551, -5.9891110941871251, -29.106232834811557], "iris_144": [378.21748726539994, -237.59644703529705, -29.106089433948661], "iris_147": [724.07274184757512, -89.953710234429721, -29.106128527904474], "iris_146": [230.77276496998923, -125.63335798618805, -29.106095616262444], "iris_141": [248.74221951451156, -135.51851899535447, -29.106140347827548], "iris_140": [-30.50793782357972, -203.36429364631297, -29.106151760254612], "iris_143": [111.84293308317724, -229.97835314922159, -29.106319866844125], "iris_142": [42.129593780886488, 22.614619567888937, -29.106331148977482], "iris_65": [52.313382681884477, 50.456942815209189, 10.406048802028444], "iris_64": [-1449.2002444047134, -761.4282125210799, 8.0400327246363403], "iris_67": [-1715.2380115630531, 910.43227315686386, -2.3308619198369493], "iris_66": [-57.004079749531591, -43.661689010343174, 1.2860189007162761], "iris_61": [-326.3343234282039, -445.48197001914667, -13.06736735755417], "iris_60": [7.5020937973565012, 17.11988410236653, 0.062201002440247538], "iris_63": [399.75194718108077, -43.413980193926058, 14.906258578603145], "iris_62": [-931.09013181640114, -658.73485814256105, 1.5613207845306456], "iris_123": [835.43041516627102, -114.31358867513441, -29.106350016113311], "iris_122": [-24.098184981194109, -300.10764342650913, -29.106254296916674], "iris_121": [-57.641759994637873, 384.72416229517336, -29.106426460911486], "iris_120": [540.4225769092335, 12.055497434569167, -29.106336846174592], "iris_69": [19.079238936837029, 7.7962258257433525, 17.441775807587302], "iris_68": [-101.82488658131452, -169.92820511098742, 7.3321679317433688], "iris_125": [-170.42350066455361, -275.81302734061387, -29.106294887676285], "iris_124": [-94.965857443658507, 284.8383927855246, -29.106390090645398], "iris_72": [397.21418423270342, -147.64080455640669, 6.0607607779401631], "iris_73": [-2.6701007437821302, 841.54744440864658, -1.0893868694185067], "iris_70": [-31.984028425955916, 18.389130324570576, -2.8856217268333251], "iris_71": [-1441.129168009104, -56.826355521888402, 16.463154335505621], "iris_76": [150.262180022899, 290.72437197560504, 6.3021311202692107], "iris_77": [121.62290200526974, 5.7786449945317413, 17.439288774636154], "iris_74": [93.275524332509931, 41.548246518341593, 7.3545064169767009], "iris_75": [17.430403205852567, 7.529258792033322, 17.324589046149942], "iris_116": [27.609247666376227, -7.8245878347384297, -29.106186965611805], "iris_117": [510.09005671013892, -535.78047864896246, -29.106280176483907], "iris_78": [7.2100530024519029, 17.486159769190639, 7.1370444387534029], "iris_79": [17.45579411640853, 7.5066227717635439, 17.427857517832138], "iris_112": [269.9226029066545, 206.59895163775712, -29.106291520903113], "iris_113": [359.66038823565998, -176.49007977957555, -29.106270622575984], "iris_110": [86.61987435286629, -45.509141142317041, -29.106104784485602], "iris_111": [99.677802981651766, -219.67799141946529, -29.106043650975423], "iris_6": [26.550750248086466, 33.726728066726501, 18.335610622556626], "iris_7": [35.035137261653887, 17.216926998984935, 34.297284859762243], "iris_4": [19.190957466657444, 34.499305422709568, 18.797750669214654], "iris_5": [34.497134113525988, 17.557491508753934, 34.130367768453034], "iris_2": [19.229829216224527, 34.778724223806371, 19.503485017738775], "iris_3": [46.912219910527952, 17.084437649020064, 34.568540200596573], "iris_0": [17.63560284070785, 34.578357343759855, 18.543942846126424], "iris_1": [33.204648220946943, 120.6586655884941, 22.230725002661437], "iris_8": [147.28118726583901, -178.12493929222325, 13.608072632666095], "iris_9": [188.69910824462212, 18.317671307085721, 34.461536910173542], "iris_127": [86.550192225885468, -27.965993508219594, -29.106440609564572], "iris_101": [-78.967948423292398, -93.276336327716905, -29.106241414870418], "iris_100": [67.901499204357989, -37.486083636554255, -29.106334383252623], "iris_103": [46.968638912000436, 130.88125021327443, -29.106202405931462], "iris_102": [193.21257187779651, -160.80484933152951, -29.106249026281141], "iris_105": [97.639844024952708, 12.63715857298658, -29.106175871099516], "iris_104": [-107.84810894145301, -257.03279943622272, -29.106181948362618], "iris_89": [17.505659111323538, 7.4617102167933771, 17.464199038942063], "iris_88": [7.1583032494331915, 17.557416844428296, 7.2359761814774028], "iris_87": [17.411794446515053, 7.3859552623607536, 17.449837056155683],